<topics>
<topic>
<number>151</number>
<question>Do tea bags help to clot blood in pulled teeth?</question>
<query>tea bags clot blood pulled teeth</query>
<background>Tea bags are small bags containing dried tea that are used to make the drink known as tea.  When teeth are pulled, there is often bleeding.  This question is asking if moistened tea bags placed on the locations where teeth were pulled can be used to help clot and stop bleeding.</background>
<disclaimer>We do not claim to be providing medical advice, and medical decisions should never be made based on the answer we have chosen. Consult a medical doctor for professional advice.</disclaimer>
<answer>yes</answer>
<evidence>https://www.webmd.com/oral-health/wisdom-teeth</evidence>
</topic>

<topic>
<number>152</number>
<question>Can crystals heal?</question>
<query>crystals heal</query>
<background>This question is asking if placing semiprecious stones and crystals such as quartz, agate, amethyst or opal on different parts of the body can heal diseases or other ailments.</background>
<disclaimer>We do not claim to be providing medical advice, and medical decisions should never be made based on the answer we have chosen. Consult a medical doctor for professional advice.</disclaimer>
<answer>no</answer>
<evidence>https://www.webmd.com/balance/news/20180116/can-crystals-heal-separating-facets-from-facts</evidence>
</topic>

<topic>
<number>153</number>
<question>Can collagen supplements cure osteoarthritis?</question>
<query>collagen supplements osteoarthritis</query>
<background>Osteoarthritis is a degenerative joint disease. Collagen is used by the body to make connective tissues.  This question is asking if consumption of collagen supplements can cure osteoarthritis.</background>
<disclaimer>We do not claim to be providing medical advice, and medical decisions should never be made based on the answer we have chosen. Consult a medical doctor for professional advice.</disclaimer>
<answer>no</answer>
<evidence>https://link.springer.com/article/10.1007/s40744-020-00240-5</evidence>
</topic>

<topic>
<number>154</number>
<question>Can cell phones cause cancer?</question>
<query>cell phone cancer</query>
<background>Cell phones emit radio waves (non-ionizing radiation) while in use. Cancer is a disease where cells in the body grow uncontrollably and spreads.</background>
<disclaimer>We do not claim to be providing medical advice, and medical decisions should never be made based on the answer we have chosen. Consult a medical doctor for professional advice.</disclaimer>
<answer>no</answer>
<evidence>https://www.cancer.gov/about-cancer/causes-prevention/risk/radiation/cell-phones-fact-sheet</evidence>
</topic>

<topic>
<number>155</number>
<question>Can you use WD-40 for arthritis?</question>
<query>WD-40 arthritis</query>
<background>WD-40 is an oil-based lubricant. Arthritis is a health condition where the joints are inflamed and swollen, with symptoms such as joint pain and stiffness.  This question is asking if an arthritis sufferer could get relief from the pain by rubbing WD-40 on their joints.</background>
<disclaimer>We do not claim to be providing medical advice, and medical decisions should never be made based on the answer we have chosen. Consult a medical doctor for professional advice.</disclaimer>
<answer>no</answer>
<evidence>https://wd40.co.uk/tips-and-tricks/can-wd-40-help-arthritis-stiff-joints/</evidence>
</topic>

<topic>
<number>156</number>
<question>Can mosquito bites make you sick?</question>
<query>mosquito bites sick</query>
<background>A mosquito is a flying insect that can puncture a person's skin to feed on the person's blood, which is commonly called being bitten by a mosquito.</background>
<disclaimer>We do not claim to be providing medical advice, and medical decisions should never be made based on the answer we have chosen. Consult a medical doctor for professional advice.</disclaimer>
<answer>yes</answer>
<evidence>https://www.mayoclinic.org/diseases-conditions/mosquito-bites/symptoms-causes/syc-20375310</evidence>
</topic>

<topic>
<number>157</number>
<question>Can cancer be inherited?</question>
<query>cancer inherited</query>
<background>Cancer is a disease where cells in the body grow uncontrollably and spreads.  This question is asking if a person can inherit genes from their parents that will lead to the development of cancer in the person during the person's life.</background>
<disclaimer>We do not claim to be providing medical advice, and medical decisions should never be made based on the answer we have chosen. Consult a medical doctor for professional advice.</disclaimer>
<answer>yes</answer>
<evidence>https://www.cancer.gov/about-cancer/causes-prevention/genetics</evidence>
</topic>

<topic>
<number>158</number>
<question>Are vaccines linked to autism?</question>
<query>vaccines autism</query>
<background>Vaccines provide protection from infectious diseases.  Wikipedia ( en.wikipedia.org/wiki/Autism_spectrum ) defines "autism spectrum" to be "a range of neurodevelopmental conditions generally characterized by difficulties in social interactions and communication, repetitive behaviors, intense interests, and unusual responses to sensory stimuli."</background>
<disclaimer>We do not claim to be providing medical advice, and medical decisions should never be made based on the answer we have chosen. Consult a medical doctor for professional advice.</disclaimer>
<answer>no</answer>
<evidence>https://pubmed.ncbi.nlm.nih.gov/24814559/</evidence>
</topic>

<topic>
<number>159</number>
<question>Can baking soda help to cure cancer?</question>
<query>baking soda cancer</query>
<background>Cancer is a disease where cells in the body grow uncontrollably and spreads. Baking soda is used as a leavening agent.  This question is asking if there is some way to use or consume baking soda to cure any type of cancer.</background>
<disclaimer>We do not claim to be providing medical advice, and medical decisions should never be made based on the answer we have chosen. Consult a medical doctor for professional advice.</disclaimer>
<answer>no</answer>
<evidence>https://www.webmd.com/a-to-z-guides/baking-soda-do-dont</evidence>
</topic>

<topic>
<number>160</number>
<question>Are squats bad for knees?</question>
<query>squats knees</query>
<background>A squat is a strength exercise in which a person lowers their hips from a standing position and then stands back up.  Will performing squats harm knees in some way?</background>
<disclaimer>We do not claim to be providing medical advice, and medical decisions should never be made based on the answer we have chosen. Consult a medical doctor for professional advice.</disclaimer>
<answer>no</answer>
<evidence>https://pubmed.ncbi.nlm.nih.gov/23821469/</evidence>
</topic>

<topic>
<number>161</number>
<question>Do ACE inhibitors typically cause erectile dysfunction?</question>
<query>ace inhibitors erectile dysfunction</query>
<background>Ace inhibitors are a medication used to treat blood pressure.  Erectile dysfunction is a condition where it is difficult to achieve and maintain an erection for sex.</background>
<disclaimer>We do not claim to be providing medical advice, and medical decisions should never be made based on the answer we have chosen. Consult a medical doctor for professional advice.</disclaimer>
<answer>no</answer>
<evidence>https://www.webmd.com/erectile-dysfunction/guide/blood-pressure-medication-and-ed</evidence>
</topic>

<topic>
<number>162</number>
<question>Is morphine addictive?</question>
<query>morphine addictive</query>
<background>Morphine is a medication that affects the central nervous system in order to treat severe pain.</background>
<disclaimer>We do not claim to be providing medical advice, and medical decisions should never be made based on the answer we have chosen. Consult a medical doctor for professional advice.</disclaimer>
<answer>yes</answer>
<evidence>https://www.webmd.com/connect-to-care/addiction-treatment-recovery/prescription/why-is-morphine-addictive</evidence>
</topic>

<topic>
<number>163</number>
<question>Can fruit juice increase the risk of diabetes?</question>
<query>fruit juice diabetes</query>
<background>Fruit juice is a drink that comes from squeezing fruit.  Diabetes is a disease that affects a person's ability to use sugar.</background>
<disclaimer>We do not claim to be providing medical advice, and medical decisions should never be made based on the answer we have chosen. Consult a medical doctor for professional advice.</disclaimer>
<answer>yes</answer>
<evidence>https://www.ncbi.nlm.nih.gov/pmc/articles/PMC3969361/</evidence>
</topic>

<topic>
<number>164</number>
<question>Do magnetic wrist straps help with arthritis?</question>
<query>magnetic wrist straps arthritis</query>
<background>This question is asking if wearing magnetic jewelry can reduce pain from arthritis, especially osteoarthritis in hips and knees.</background>
<disclaimer>We do not claim to be providing medical advice, and medical decisions should never be made based on the answer we have chosen. Consult a medical doctor for professional advice.</disclaimer>
<answer>no</answer>
<evidence>https://www.ncbi.nlm.nih.gov/pmc/articles/PMC3774818/</evidence>
</topic>

<topic>
<number>165</number>
<question>Are sit ups bad for you?</question>
<query>sit ups</query>
<background>The sit-up is an exercise to strengthen the abdominal muscles. This question is asking if performing sit ups may cause harm to the body.</background>
<disclaimer>We do not claim to be providing medical advice, and medical decisions should never be made based on the answer we have chosen. Consult a medical doctor for professional advice.</disclaimer>
<answer>yes</answer>
<evidence>https://www.health.harvard.edu/staying-healthy/want-a-stronger-core-skip-the-sit-ups</evidence>
</topic>

<topic>
<number>166</number>
<question>Can a speech problem be caused by right handed person being forced to left hand?</question>
<query>speech problems right handed left handed forced switch</query>
<background>Speech problems include, but are not limited to, problems such as apraxia, stuttering, and lisping.  This question is asking if forcing a left handed child to always write with their right hand will cause speech problems.</background>
<disclaimer>We do not claim to be providing medical advice, and medical decisions should never be made based on the answer we have chosen. Consult a medical doctor for professional advice.</disclaimer>
<answer>yes</answer>
<evidence>https://pubmed.ncbi.nlm.nih.gov/22332811/</evidence>
</topic>

<topic>
<number>167</number>
<question>Are there health benefits to drinking your own urine?</question>
<query>health benefits drinking your urine</query>
<background>This question is asking if drinking your own urine can help with asthma, arthritis, and allergies, along with other ailments.</background>
<disclaimer>We do not claim to be providing medical advice, and medical decisions should never be made based on the answer we have chosen. Consult a medical doctor for professional advice.</disclaimer>
<answer>no</answer>
<evidence>https://www.healthline.com/health/drinking-urine</evidence>
</topic>

<topic>
<number>168</number>
<question>Is pink salt good for you?</question>
<query>pink salt</query>
<background>Pink Himalayan salt is a rock salt mined from the Punjab region of Pakistan. This question is asking if consumption of pink salt has health benefits in comparison to common table salt.</background>
<disclaimer>We do not claim to be providing medical advice, and medical decisions should never be made based on the answer we have chosen. Consult a medical doctor for professional advice.</disclaimer>
<answer>no</answer>
<evidence>https://www.ncbi.nlm.nih.gov/pmc/articles/PMC7603209/</evidence>
</topic>

<topic>
<number>169</number>
<question>Can massage get rid of cellulite?</question>
<query>massage cellulite</query>
<background>Cellulite is the dimpling of skin over an area of the body. Massage is a process of rubbing and applying pressure to the body with the intent of either reducing tension in muscles or producing other benefits. To "get rid of cellulite" would be to make the skin smooth without dimples over a long-term period.</background>
<disclaimer>We do not claim to be providing medical advice, and medical decisions should never be made based on the answer we have chosen. Consult a medical doctor for professional advice.</disclaimer>
<answer>no</answer>
<evidence>https://pubmed.ncbi.nlm.nih.gov/26147372/</evidence>
</topic>

<topic>
<number>170</number>
<question>Can fish oil improve your cholesterol?</question>
<query>fish oil cholesterol</query>
<background>Fish oil is an oil extracted from oily fish.  The question is asking if consumption of fish oil can help with blood cholesterol levels to produce a health benefit.</background>
<disclaimer>We do not claim to be providing medical advice, and medical decisions should never be made based on the answer we have chosen. Consult a medical doctor for professional advice.</disclaimer>
<answer>no</answer>
<evidence>https://pubmed.ncbi.nlm.nih.gov/18774613/</evidence>
</topic>

<topic>
<number>171</number>
<question>Can you become addicted to weed?</question>
<query>become addicted to weed</query>
<background>Marijuana, also known as weed, is a psychoactive drug.  Wikipedia ( en.wikipedia.org/wiki/Addiction ) defines addiction to be "a neuropsychological disorder characterized by a persistent and intense urge to use a drug, despite substantial harm and other negative consequences."</background>
<disclaimer>We do not claim to be providing medical advice, and medical decisions should never be made based on the answer we have chosen. Consult a medical doctor for professional advice.</disclaimer>
<answer>yes</answer>
<evidence>https://www.cdc.gov/marijuana/health-effects/addiction.html</evidence>
</topic>

<topic>
<number>172</number>
<question>Can vegan diets be healthy?</question>
<query>vegan diets healthy</query>
<background>Veganism is the practice of abstaining from the use of animal products, particularly in diet. Vegan diets contain no products derived from animals, including meat, milk, cheese, and eggs.</background>
<disclaimer>We do not claim to be providing medical advice, and medical decisions should never be made based on the answer we have chosen. Consult a medical doctor for professional advice.</disclaimer>
<answer>yes</answer>
<evidence>https://pubmed.ncbi.nlm.nih.gov/26853923/</evidence>
</topic>

<topic>
<number>173</number>
<question>Is hydroquinone banned in Europe?</question>
<query>hydroquinone banned europe</query>
<background>Hydroquinone is used as a topical application in skin whitening to reduce the color of skin.  This question is asking if European governments have banned the use of hydroquinone.</background>
<disclaimer>We do not claim to be providing medical advice, and medical decisions should never be made based on the answer we have chosen. Consult a medical doctor for professional advice.</disclaimer>
<answer>yes</answer>
<evidence>https://www.mcgill.ca/oss/article/aging-cancer-controversial-science-cosmetics-drugs-health-history/does-hydroquinone-have-dark-side</evidence>
</topic>

<topic>
<number>174</number>
<question>Do men get UTI infections?</question>
<query>men uti infections</query>
<background>Urinary tract infections are infections of the urinary system.</background>
<disclaimer>We do not claim to be providing medical advice, and medical decisions should never be made based on the answer we have chosen. Consult a medical doctor for professional advice.</disclaimer>
<answer>yes</answer>
<evidence>https://www.webmd.com/men/urinary-tract-infection-in-men</evidence>
</topic>

<topic>
<number>175</number>
<question>Are carrots good for your eyes?</question>
<query>carrots eyes</query>
<background>Carrots are a root vegetable commonly consumed either raw or cooked.  The question is asking if consumption of carrots has health benefits for eyes.</background>
<disclaimer>We do not claim to be providing medical advice, and medical decisions should never be made based on the answer we have chosen. Consult a medical doctor for professional advice.</disclaimer>
<answer>yes</answer>
<evidence>https://www.webmd.com/food-recipes/benefits-carrots</evidence>
</topic>

<topic>
<number>176</number>
<question>Is methanol poisonous?</question>
<query>methanol poison</query>
<background>Methanol is a type of alcohol.</background>
<disclaimer>We do not claim to be providing medical advice, and medical decisions should never be made based on the answer we have chosen. Consult a medical doctor for professional advice.</disclaimer>
<answer>yes</answer>
<evidence>https://www.webmd.com/a-to-z-guides/news/20190724/methanol-tainted-alcohol-could-it-happen-here</evidence>
</topic>

<topic>
<number>177</number>
<question>Can an MRI harm my baby?</question>
<query>mri harm baby</query>
<background>Magnetic resonance imaging (MRI) is a medical imaging technique used to form pictures of the anatomy and the physiological processes of the body.  The question should be understood to be asking if a pregnant mother needed an MRI, would that MRI harm her baby?</background>
<disclaimer>We do not claim to be providing medical advice, and medical decisions should never be made based on the answer we have chosen. Consult a medical doctor for professional advice.</disclaimer>
<answer>no</answer>
<evidence>https://www.radiologyinfo.org/en/info/safety-hiw_10</evidence>
</topic>

<topic>
<number>178</number>
<question>Can exercise lower cholesterol?</question>
<query>exercise lower cholesterol</query>
<background>Exercise is physical activity that increases the heart rate. Cholesterol is a type of lipid found in the blood. High levels of cholesterol can increase the risk of heart problems.</background>
<disclaimer>We do not claim to be providing medical advice, and medical decisions should never be made based on the answer we have chosen. Consult a medical doctor for professional advice.</disclaimer>
<answer>yes</answer>
<evidence>https://www.ncbi.nlm.nih.gov/pmc/articles/PMC6236809/</evidence>
</topic>

<topic>
<number>179</number>
<question>Can chewing gum help lose weight?</question>
<query>chewing gum lose weight</query>
<background>Chewing gum is a candy that you chew without swallowing.</background>
<disclaimer>We do not claim to be providing medical advice, and medical decisions should never be made based on the answer we have chosen. Consult a medical doctor for professional advice.</disclaimer>
<answer>no</answer>
<evidence>https://pubmed.ncbi.nlm.nih.gov/22076595/</evidence>
</topic>

<topic>
<number>180</number>
<question>Can sunglasses help prevent cataracts?</question>
<query>sunglasses help prevent cataracts</query>
<background>Sunglasses lower the amount of light that enters the eye.  Cataracts are cloudy areas in the lens of the eyes.</background>
<disclaimer>We do not claim to be providing medical advice, and medical decisions should never be made based on the answer we have chosen. Consult a medical doctor for professional advice.</disclaimer>
<answer>yes</answer>
<evidence>https://www.ncbi.nlm.nih.gov/pmc/articles/PMC1298564/</evidence>
</topic>

<topic>
<number>181</number>
<question>Did AIDS come from chimps?</question>
<query>aids chimps</query>
<background>Acquired immunodeficiency syndrome (AIDS) is a chronic condition caused by infection with human immunodeficiency virus (HIV). A person with AIDS has a weakened immune system, which makes it difficult to fight off other diseases. Chimp is short for chimpanzee, which is a type of great ape.</background>
<disclaimer>We do not claim to be providing medical advice, and medical decisions should never be made based on the answer we have chosen. Consult a medical doctor for professional advice.</disclaimer>
<answer>yes</answer>
<evidence>https://www.ncbi.nlm.nih.gov/pmc/articles/PMC2935100/</evidence>
</topic>

<topic>
<number>182</number>
<question>Is too much water bad for you?</question>
<query>too much water</query>
<background>This question is asking if it is possible for people to drink so much water that it becomes harmful.</background>
<disclaimer>We do not claim to be providing medical advice, and medical decisions should never be made based on the answer we have chosen. Consult a medical doctor for professional advice.</disclaimer>
<answer>yes</answer>
<evidence>https://www.scientificamerican.com/article/strange-but-true-drinking-too-much-water-can-kill/</evidence>
</topic>

<topic>
<number>183</number>
<question>Can HIV be transmitted through sweat?</question>
<query>HIV from sweat</query>
<background>HIV is short for human immunodeficiency virus. Humans perspire, or sweat, by excreting a fluid from the skin, which then evaporates and cools the body.  While it is well-known that HIV can be transmitted via many body fluids, this question is asking if it is possible for HIV to be transmitted via sweat.</background>
<disclaimer>We do not claim to be providing medical advice, and medical decisions should never be made based on the answer we have chosen. Consult a medical doctor for professional advice.</disclaimer>
<answer>no</answer>
<evidence>https://www.ncbi.nlm.nih.gov/pmc/articles/PMC7103743/</evidence>
</topic>

<topic>
<number>184</number>
<question>Do Himalayan salt lamps have health benefits?</question>
<query>himalayan salt lamps health benefits</query>
<background>Himalayan salt lamps are amber-colored chunks of rock salt that are hollowed out so that a light bulb can fit inside. This question is asking if these lamps have health benefits such as cleaning the air, helping with allergies, boosting mood, and improving sleep.</background>
<disclaimer>We do not claim to be providing medical advice, and medical decisions should never be made based on the answer we have chosen. Consult a medical doctor for professional advice.</disclaimer>
<answer>no</answer>
<evidence>https://www.webmd.com/balance/himalayan-salt-lamps</evidence>
</topic>

<topic>
<number>185</number>
<question>Can a woman get pregnant while breastfeeding?</question>
<query>get pregnant while breastfeeding</query>
<background>Breastfeeding is the action of feeding human breast milk to a baby.  This question is asking if a mother, who is still breastfeeding a baby, can get pregnant or if breastfeeding will act as birth control and prevent pregnancy.</background>
<disclaimer>We do not claim to be providing medical advice, and medical decisions should never be made based on the answer we have chosen. Consult a medical doctor for professional advice.</disclaimer>
<answer>yes</answer>
<evidence>https://www.plannedparenthood.org/learn/birth-control/breastfeeding</evidence>
</topic>

<topic>
<number>186</number>
<question>Can statins cause permanent cognitive impairment?</question>
<query>statins permanent cognitive impairment</query>
<background>Statins are drugs taken to lower cholesterol.  Cognitive impairment includes problems such as memory loss and confusion.</background>
<disclaimer>We do not claim to be providing medical advice, and medical decisions should never be made based on the answer we have chosen. Consult a medical doctor for professional advice.</disclaimer>
<answer>no</answer>
<evidence>https://www.ncbi.nlm.nih.gov/pmc/articles/PMC4483758/</evidence>
</topic>

<topic>
<number>187</number>
<question>Does Vitamin C prevent colds?</question>
<query>vitamin C prevent colds</query>
<background>Vitamin-C is a vitamin found in citrus fruits and vegetables and can also be taken as a supplement. It is important for many body functions such as repairing of body tissue and growth. A cold is an upper respiratory tract infection caused by virus. The question is asking if consumption of vitamin C, in some way, can prevent one from catching a cold.</background>
<disclaimer>We do not claim to be providing medical advice, and medical decisions should never be made based on the answer we have chosen. Consult a medical doctor for professional advice.</disclaimer>
<answer>no</answer>
<evidence>https://www.cochrane.org/CD000980/ARI_vitamin-c-for-preventing-and-treating-the-common-cold</evidence>
</topic>

<topic>
<number>188</number>
<question>Can coffee help you lose weight?</question>
<query>coffee weight loss</query>
<background>Coffee is a commonly consumed drink made using hot water and ground coffee beans.  This question is asking if consuming coffee, in some way, could aid weight loss.</background>
<disclaimer>We do not claim to be providing medical advice, and medical decisions should never be made based on the answer we have chosen. Consult a medical doctor for professional advice.</disclaimer>
<answer>yes</answer>
<evidence>https://pubmed.ncbi.nlm.nih.gov/30335479/</evidence>
</topic>

<topic>
<number>189</number>
<question>Does drinking lemon water help with belly fat?</question>
<query>lemon water belly fat</query>
<background>Lemon water is lemon juice combined with hot or cold water.  The question is asking if drinking lemon water can help a person lose fat around their belly.</background>
<disclaimer>We do not claim to be providing medical advice, and medical decisions should never be made based on the answer we have chosen. Consult a medical doctor for professional advice.</disclaimer>
<answer>no</answer>
<evidence>https://www.healthline.com/nutrition/lemon-water-for-weight-loss</evidence>
</topic>

<topic>
<number>190</number>
<question>Does deli meat increase your risk of colon cancer?</question>
<query>deli meat colon cancer</query>
<background>Deli meats are meats that are processed to increase their storage life via curing or other methods and are commonly also known as lunch meats or cold cuts and used for sandwiches.  Colon cancer is cancer of the colon (large intestine).  The question is asking if consumption of deli meat will increase the risk that a person develops colon cancer.</background>
<disclaimer>We do not claim to be providing medical advice, and medical decisions should never be made based on the answer we have chosen. Consult a medical doctor for professional advice.</disclaimer>
<answer>yes</answer>
<evidence>https://www.ncbi.nlm.nih.gov/pmc/articles/PMC5669970/</evidence>
</topic>

<topic>
<number>191</number>
<question>Are skin tags contagious?</question>
<query>skin tags contagious</query>
<background>Skin tags are small growths on the skin. The question is asking if one person with skin tags can somehow spread the tags to another person.</background>
<disclaimer>We do not claim to be providing medical advice, and medical decisions should never be made based on the answer we have chosen. Consult a medical doctor for professional advice.</disclaimer>
<answer>no</answer>
<evidence>https://www.webmd.com/skin-problems-and-treatments/rm-quiz-truth-skin-tags</evidence>
</topic>

<topic>
<number>192</number>
<question>Can oil pulling heal cavities?</question>
<query>oil pulling cavities</query>
<background>Oil pulling is a traditional folk remedy, in which an edible oil is swished around the mouth for a period of time and then spat out. Cavities are areas of tooth decay.</background>
<disclaimer>We do not claim to be providing medical advice, and medical decisions should never be made based on the answer we have chosen. Consult a medical doctor for professional advice.</disclaimer>
<answer>no</answer>
<evidence>https://www.mouthhealthy.org/en/az-topics/o/oil-pulling</evidence>
</topic>

<topic>
<number>193</number>
<question>Does a high fiber diet help with hemorrhoids?</question>
<query>high fiber diet hemorrhoids</query>
<background>Fiber is part of plant foods that the body cannot digest. A high-fiber diet is one that includes as much or more than the recommended amount of fiber. Hemorrhoids is an uncomfortable and sometimes painful health condition that happens when veins in and around the rectum and anus get swollen.</background>
<disclaimer>We do not claim to be providing medical advice, and medical decisions should never be made based on the answer we have chosen. Consult a medical doctor for professional advice.</disclaimer>
<answer>yes</answer>
<evidence>https://pubmed.ncbi.nlm.nih.gov/16405552/</evidence>
</topic>

<topic>
<number>194</number>
<question>Can grapefruit interfere with medication?</question>
<query>grapefruit interfere medication</query>
<background>This question is asking if eating grapefruit and taking medication at the same time can have negative consequences because the grapefruit affects the function of the medication.</background>
<disclaimer>We do not claim to be providing medical advice, and medical decisions should never be made based on the answer we have chosen. Consult a medical doctor for professional advice.</disclaimer>
<answer>yes</answer>
<evidence>https://www.fda.gov/consumers/consumer-updates/grapefruit-juice-and-some-drugs-dont-mix</evidence>
</topic>

<topic>
<number>195</number>
<question>Can vape pens be harmful?</question>
<query>vape pens harmful</query>
<background>A vape pen or electronic cigarette is an electronic device that simulates tobacco smoking. It consists of an atomizer, a power source such as a battery, and a container such as a cartridge or tank.  The question is asking if using a vape pen, i.e. vaping, is harmful to one's health.</background>
<disclaimer>We do not claim to be providing medical advice, and medical decisions should never be made based on the answer we have chosen. Consult a medical doctor for professional advice.</disclaimer>
<answer>yes</answer>
<evidence>https://www.ncbi.nlm.nih.gov/pmc/articles/PMC7122267/</evidence>
</topic>

<topic>
<number>196</number>
<question>Do bananas increase the risk of diabetes?</question>
<query>bananas diabetes</query>
<background>Bananas are a fruit.  Diabetes is a disease that affects a person's ability to use sugar. The question is asking if consumption of bananas as part of one's diet will increase one's risk of developing diabetes.</background>
<disclaimer>We do not claim to be providing medical advice, and medical decisions should never be made based on the answer we have chosen. Consult a medical doctor for professional advice.</disclaimer>
<answer>no</answer>
<evidence>https://www.ncbi.nlm.nih.gov/pmc/articles/PMC3978819/</evidence>
</topic>

<topic>
<number>197</number>
<question>Is wifi harmful for health?</question>
<query>wifi health</query>
<background>WiFi is a family of wireless network protocols, which are commonly used for local area networking of devices and Internet access, allowing nearby digital devices to exchange data by radio waves.  The question is asking if exposure to wifi radio waves could be harmful to health.</background>
<disclaimer>We do not claim to be providing medical advice, and medical decisions should never be made based on the answer we have chosen. Consult a medical doctor for professional advice.</disclaimer>
<answer>no</answer>
<evidence>https://www.canada.ca/en/health-canada/services/health-risks-safety/radiation/everyday-things-emit-radiation/wi-fi.html</evidence>
</topic>

<topic>
<number>198</number>
<question>Does drinking apple cider vinegar help lose weight?</question>
<query>apple cider vinegar weight loss</query>
<background>Apple cider vinegar (ACV) is a type of vinegar used in cooking.  The apple cider vinegar diet involves consumption of a couple of tablespoons of ACV each day.  This question is asking if the ACV diet helps people lose weight.</background>
<disclaimer>We do not claim to be providing medical advice, and medical decisions should never be made based on the answer we have chosen. Consult a medical doctor for professional advice.</disclaimer>
<answer>no</answer>
<evidence>https://www.mayoclinic.org/healthy-lifestyle/weight-loss/expert-answers/apple-cider-vinegar-for-weight-loss/faq-20058394</evidence>
</topic>

<topic>
<number>199</number>
<question>Does ginger help with nausea?</question>
<query>ginger nausea</query>
<background>Ginger is a root used in cooking. Nausea is a condition of uneasiness of the stomach where one feels like vomiting but doesn't necessarily vomit.  The question is asking if ginger can be used in some way, for example by consumption, to prevent, reduce, or end a person's nausea.</background>
<disclaimer>We do not claim to be providing medical advice, and medical decisions should never be made based on the answer we have chosen. Consult a medical doctor for professional advice.</disclaimer>
<answer>yes</answer>
<evidence>https://www.ncbi.nlm.nih.gov/pmc/articles/PMC4818021/</evidence>
</topic>

<topic>
<number>200</number>
<question>Can a cold sore cause genital herpes?</question>
<query>cold sore genital herpes</query>
<background>Oral herpes can produce cold sores on or around the mouth.  Genital herpes is caused by infection by herpes simplex virus types 1 and 2 (HSV-1 and HSV-2).  Oral herpes is caused by HSV-1.  The question is asking if someone with oral herpes could infect another person with genital herpes via oral sex.</background>
<disclaimer>We do not claim to be providing medical advice, and medical decisions should never be made based on the answer we have chosen. Consult a medical doctor for professional advice.</disclaimer>
<answer>yes</answer>
<evidence>https://www.cdc.gov/std/herpes/stdfact-herpes.htm</evidence>
</topic>

</topics>
